generation,individual,fitness,ok,failure_reason,peak_vram_mb,n_levels,n_features_per_level,log2_hashmap_size,base_resolution,per_level_scale,n_neurons,n_hidden_layers,learning_rate,l2_reg
1,0,12.797102,True,,5522.625,17,8,20,22,1.693482641887681,32,2,0.0010854448663445882,1.4402944913615386e-05
1,1,12.8857765,True,,2457.9375,12,4,18,28,1.7456454485597779,64,1,0.0014072732340953162,3.4736815623314598e-06
1,2,13.118475,python3 -m optimizers.particle_swarm \,,3525.5625,9,8,20,32,1.5586547726280502,64,3,0.00011171486546209544,2.586298138762866e-07
1,3,12.963124,  --ngp_dir ../instant-ngp \,,2231.5625,9,4,18,9,1.8488329947767126,64,3,0.007307190798905849,4.575093682814514e-05
1,4,12.848581,  --scene ../instant-ngp/data/nerf/fox \,,3845.625,15,8,19,29,1.4087263058523876,16,3,0.0026191239298461507,2.9832721938116364e-06
1,5,13.719291,  --base ../instant-ngp/configs/nerf/base.json \,,2139.625,17,2,16,17,1.9722542202708335,16,3,0.00011124019692591476,6.127439271484259e-08
1,6,12.9428215,  --out_dir analysis/runs/pso --pop_size 8 --iterations 8,,2231.875,9,4,18,18,1.8143423907327114,64,1,0.01402105819077379,2.774424886464676e-06
1,7,12.872259,True,,3063.875,14,8,18,21,1.2939160982835118,64,1,0.004468471056190121,5.286607059318092e-08
2,0,13.57738,True,,2121.875,17,2,16,17,1.9722542202708335,16,3,0.00011124019692591476,6.127439271484259e-08
2,1,13.08663,True,,3499.875,9,8,20,32,1.5586547726280502,64,3,0.00011171486546209544,2.586298138762866e-07
2,2,12.722894,True,,3667.25,9,8,20,31,1.9722542202708335,64,3,0.00010275108004269126,2.586298138762866e-07
2,3,12.942449,True,,5743.875,18,8,20,31,1.9687169726204818,64,3,0.0001496061011966097,6.127439271484259e-08
2,4,12.768532,True,,3627.875,9,8,20,32,1.9722542202708335,64,3,0.00011124019692591476,2.586298138762866e-07
2,5,12.9414,True,,3474.875,9,8,20,32,1.5016064813388963,32,3,0.00011124019692591476,1.1717754498471545e-07
2,6,13.185631,True,,1954.875,9,2,15,17,1.5586547726280502,64,3,0.00011171486546209544,2.586298138762866e-07
2,7,12.553569,True,,2108.875,17,2,16,17,1.864660510678952,32,2,0.0001,6.127439271484259e-08
3,0,13.625471,True,,2108.875,17,2,16,17,1.9722542202708335,16,3,0.00011124019692591476,6.127439271484259e-08
3,1,13.123908,True,,1954.875,9,2,15,17,1.5586547726280502,64,3,0.00011171486546209544,2.586298138762866e-07
3,2,13.070518,True,,2096.875,18,2,15,16,1.9722542202708335,64,3,0.00011124019692591476,2.586298138762866e-07
3,3,13.353301,True,,2098.125,17,2,15,18,1.5586547726280502,16,3,0.00021187449406247891,2.586298138762866e-07
3,4,13.784609,True,,2108.875,17,2,16,17,1.9722542202708335,16,3,0.00011124019692591476,6.127439271484259e-08
3,5,11.336627,True,,1830.875,8,2,16,17,1.5586547726280502,16,3,0.00011171486546209544,6.127439271484259e-08
3,6,13.607913,True,,2096.875,18,2,15,18,1.9722542202708335,16,3,0.00011822391175601868,4.6769546924017187e-07
3,7,13.607832,True,,1864.875,8,2,16,17,1.9722542202708335,64,3,0.0001,6.127439271484259e-08
4,0,13.663252,True,,2108.875,17,2,16,17,1.9722542202708335,16,3,0.00011124019692591476,6.127439271484259e-08
4,1,13.856834,True,,2108.875,17,2,16,17,1.9722542202708335,16,3,0.00011124019692591476,6.127439271484259e-08
4,2,13.029074,True,,2410.5625,17,4,16,18,1.9722542202708335,64,3,0.00019336148519786845,6.127439271484259e-08
4,3,13.586269,True,,2108.4375,17,2,16,17,1.9722542202708335,16,3,0.00011514372015387412,6.127439271484259e-08
4,4,13.413961,True,,3008.4375,17,8,16,17,1.9722542202708335,16,3,0.00011124019692591476,6.127439271484259e-08
4,5,13.407305,True,,2108.4375,17,2,16,16,1.9722542202708335,16,3,0.00011124019692591476,6.127439271484259e-08
4,6,14.011903,True,,2108.4375,17,2,16,17,1.9722542202708335,32,3,0.00011124019692591476,6.127439271484259e-08
4,7,14.049536,True,,2022.4375,16,2,17,18,2.0,16,3,0.00011124019692591476,6.127439271484259e-08
5,0,14.108151,True,,2022.4375,16,2,17,18,2.0,16,3,0.00011124019692591476,6.127439271484259e-08
5,1,14.040705,True,,2108.4375,17,2,16,17,1.9722542202708335,32,3,0.00011124019692591476,6.127439271484259e-08
5,2,13.824492,True,,2132.625,17,2,16,17,1.9722542202708335,16,3,0.00011124019692591476,7.875542127773302e-08
5,3,13.8886795,True,,2172.1875,17,2,16,17,1.920116287341695,32,3,0.00011124019692591476,4.723834429349261e-08
5,4,13.652654,True,,2111.25,17,2,16,17,1.9860694881476688,16,3,0.0001,6.127439271484259e-08
5,5,14.235226,True,,2025.25,16,2,17,18,2.0,16,3,0.00011124019692591476,6.127439271484259e-08
5,6,13.588239,True,,2111.25,17,2,16,17,1.9481822189100972,32,2,0.00011124019692591476,6.127439271484259e-08
5,7,13.034166,True,,2121.25,17,2,16,17,1.9722542202708335,64,3,0.00011221386654776154,6.127439271484259e-08
6,0,14.2695,True,,2025.25,16,2,17,18,2.0,16,3,0.00011124019692591476,6.127439271484259e-08
6,1,14.31126,True,,2025.25,16,2,17,18,2.0,16,3,0.00011124019692591476,6.127439271484259e-08
6,2,13.56068,True,,2155.25,17,2,17,18,2.0,16,3,0.00011124019692591476,6.542338747314471e-08
6,3,14.170728,True,,2010.25,16,2,17,18,2.0,16,3,0.00011124019692591476,6.127439271484259e-08
6,4,13.261831,True,,3022.25,16,8,17,19,2.0,16,2,0.00011124019692591476,6.127439271484259e-08
6,5,14.187688,True,,2088.25,16,2,18,18,1.9979255315031779,16,3,0.00011124019692591476,6.782103626560458e-08
6,6,13.151816,True,,2020.3125,16,2,17,18,2.0,64,3,0.00011124019692591476,5.739825615487094e-08
6,7,13.9651165,True,,1968.3125,16,2,16,18,2.0,16,3,0.00011124019692591476,6.127439271484259e-08
7,0,14.3066225,True,,2010.3125,16,2,17,18,2.0,16,3,0.00011124019692591476,6.127439271484259e-08
7,1,14.137762,True,,2010.3125,16,2,17,18,2.0,16,3,0.00011124019692591476,6.127439271484259e-08
7,2,13.893338,True,,2344.3125,16,4,17,18,2.0,16,3,0.00011124019692591476,8.826195669998715e-08
7,3,13.41475,True,,2856.3125,15,8,16,18,2.0,16,2,0.00011124019692591476,4.304885353038954e-08
7,4,12.985197,True,,2020.3125,16,2,17,17,2.0,64,3,0.00011124019692591476,6.127439271484259e-08
7,5,13.651141,True,,2010.3125,16,2,17,18,2.0,16,3,0.0001328931987461792,6.127439271484259e-08
7,6,13.9612875,True,,2088.3125,16,2,18,17,2.0,16,3,0.00011124019692591476,6.127439271484259e-08
7,7,13.876662,True,,2010.3125,16,2,17,18,1.9724457097215742,32,3,0.00011124019692591476,6.127439271484259e-08
8,0,14.243326,True,,2010.3125,16,2,17,18,2.0,16,3,0.00011124019692591476,6.127439271484259e-08
8,1,14.07428,True,,2010.3125,16,2,17,18,2.0,16,3,0.00011124019692591476,6.127439271484259e-08
8,2,12.998264,True,,2154.3125,17,2,17,19,2.0,128,3,0.00011124019692591476,6.127439271484259e-08
8,3,12.623948,True,,2010.3125,16,2,17,18,2.0,16,2,0.00010161222010911674,6.408796178155391e-08
8,4,14.2655,True,,1966.3125,15,2,16,18,2.0,16,3,0.0001,6.127439271484259e-08
8,5,12.840588,True,,3022.3125,16,8,17,18,2.0,32,3,0.00015538778509719209,6.127439271484259e-08
8,6,13.00527,True,,2010.3125,16,2,17,18,2.0,64,3,0.00020895963730072458,6.127439271484259e-08
8,7,14.15814,True,,2010.3125,16,2,17,18,2.0,16,3,0.00011124019692591476,6.127439271484259e-08
