iteration,particle,fitness,ok,failure_reason,peak_vram_mb,n_levels,n_features_per_level,log2_hashmap_size,base_resolution,per_level_scale,n_neurons,n_hidden_layers,learning_rate,l2_reg
0,0,12.879382,True,,2662.375,14,4,18,20,1.3826085899296978,64,2,0.013525126305323331,4.863019819753398e-05
0,1,12.901769,True,,2758.5625,11,8,16,22,1.9351059537381383,16,3,0.0011917488635362317,1.825460843492353e-08
0,2,12.891082,True,,2664.5625,15,4,18,26,1.8520481979104058,64,3,0.004021805769095615,6.978060311629263e-07
0,3,12.796802,True,,3372.5625,18,8,17,23,1.9371739984109864,32,2,0.0003486928360346668,1.8586648637178354e-08
0,4,12.954618,True,,2653.25,13,4,19,5,1.5615278018433916,64,2,0.006659185273224186,3.467300910690653e-06
0,5,12.873487,True,,2405.25,10,4,18,30,1.8506967309178557,32,3,0.00445156420211163,5.353956595677885e-07
0,6,12.93602,True,,3511.25,16,4,20,20,1.7378599480345924,128,1,0.04266198161354095,1.3070831653975392e-06
0,7,12.930307,True,,2795.25,13,8,15,18,1.8050091559587602,32,3,0.014881313396119035,8.919681500101863e-07
1,0,12.917835,True,,2565.25,13,4,18,19,1.4481803739268686,64,2,0.0039025396896146297,7.707367007130635e-06
1,1,12.910261,True,,3201.25,13,8,18,17,1.7871059537381382,32,3,0.004130272895480727,1.1517879262625082e-07
1,2,12.841464,True,,2861.25,14,4,19,24,1.7040481979104058,64,3,0.002722867967293309,4.402858403848228e-06
1,3,12.9889145,True,,4045.25,16,8,19,18,1.8257875958141672,64,2,0.0002765812083939822,1.1727382466900451e-07
1,4,12.960492,True,,2577.25,14,4,18,11,1.7095278018433915,64,2,0.001921441193419847,3.528664923245656e-06
1,5,12.904998,True,,2571.25,10,4,19,24,1.8199011089286272,32,2,0.0030869689935801546,2.4143140761933417e-07
1,6,12.913984,True,,2939.25,16,4,19,19,1.7971754164690086,64,2,0.012309687371934146,2.634420360470158e-07
1,7,12.960277,True,,2477.25,14,4,17,17,1.8778620325270732,64,2,0.004293853887271343,1.413674248843278e-07
2,0,12.954605,True,,3676.25,13,8,19,18,1.5961803739268685,32,2,0.0011260387286012386,1.2215353501400734e-06
2,1,12.927425,True,,3908.25,15,8,19,13,1.7246059509329439,32,2,0.0025993535615002725,4.88746845460722e-07
2,2,12.947154,True,,2670.25,16,4,18,21,1.8520481979104058,64,2,0.0024425985420627717,8.322878050114624e-07
2,3,12.926813,True,,4874.25,15,8,20,13,1.7394631338016322,64,2,0.00023112232334163255,4.888786698697614e-07
2,4,13.0013075,True,,2643.25,16,4,18,16,1.8575278018433914,64,2,0.0005544126057906116,2.423450070222415e-06
2,5,12.94674,True,,2625.25,12,4,19,18,1.8249090786308289,64,2,0.000890713975315315,3.714520035145971e-07
2,6,12.938425,True,,2653.25,16,4,18,18,1.8449642916584796,64,2,0.0035518369626473217,1.662206874886807e-06
2,7,12.985046,True,,2643.25,16,4,18,16,1.9222744479049003,64,2,0.0012389485198291378,1.8599843838120953e-07
3,0,12.882852,True,,3935.25,15,8,19,16,1.7441803739268686,64,2,0.0003666311611907016,3.6827649938414847e-07
3,1,12.9673395,True,,5122.9375,16,8,20,13,1.813670477704358,64,2,0.0007500174277192047,3.0837841173496843e-06
3,2,12.828059,True,,3685.9375,17,8,18,16,1.9607551308119722,64,2,0.0007047873373606116,6.823718388889022e-07
3,3,12.912155,True,,2938.875,16,4,19,19,1.806586445805603,64,2,0.0007996289924119342,3.084615873140342e-06
3,4,12.904303,True,,2826.875,18,4,18,20,1.9629778018433914,64,2,0.00022868088840381702,1.8542612878554902e-06
3,5,12.8836155,True,,3234.875,14,8,18,14,1.8424560014802527,64,1,0.0003017627475748167,7.20151498891477e-07
3,6,12.921661,True,,3201.875,16,8,17,16,1.886718798436981,64,2,0.001024846970361811,7.172344074919112e-06
3,7,12.914783,True,,3177.875,18,4,19,15,1.8575277755987578,64,2,0.00035748618259627535,3.7537639025395244e-07
4,0,12.927809,True,,3113.875,17,4,19,16,1.8221446596496498,64,2,0.0005084300995057694,1.0432338899317846e-06
4,1,12.958952,True,,2792.875,17,4,18,15,1.9100744752725136,64,2,0.00024570676094889,7.4706453245670375e-06
4,2,12.989838,True,,2620.875,15,4,18,17,1.812755130811972,64,2,0.0016121557067903594,4.260742176737102e-06
4,3,12.883963,True,,2804.875,17,4,18,20,1.9313705439140305,64,2,0.0009340600531894714,2.2768641244815167e-06
4,4,12.918725,True,,2652.875,16,4,18,18,1.853997249779283,64,2,0.0003445418576724032,1.9489920033970473e-06
4,5,12.96358,True,,2642.875,16,4,18,17,1.855339570572248,64,2,0.00032755432612975414,1.149832411889912e-06
4,6,12.900391,True,,3460.875,16,8,18,16,1.8582846171210317,64,2,0.0004760944232802429,2.0955265038727e-06
4,7,12.959324,True,,2640.875,16,4,18,16,1.834553354285188,64,1,0.0005282914124132793,2.3684649037519443e-06
5,0,12.95394,True,,2652.875,16,4,18,19,1.7971878257759482,64,2,0.0017620785078864103,2.316234245929996e-06
5,1,12.905435,True,,3098.875,17,4,19,15,1.8069109198581847,64,2,0.0004223935720469182,3.099625503876504e-06
5,2,12.94836,True,,2620.875,15,4,18,18,1.7829614780454888,64,2,0.002271299422236857,5.86620616290895e-06
5,3,12.968779,True,,2790.875,17,4,18,15,1.8693009940815744,64,1,0.00033228003692548037,3.60858645104969e-07
5,4,12.984211,True,,2610.875,15,4,18,14,1.7918730812639745,64,2,0.0008468464072666805,3.674297674675877e-06
5,5,12.876778,True,,2802.875,17,4,18,19,1.8651793214066412,64,2,0.0006850953848940232,1.698798616038559e-06
5,6,12.968602,True,,2652.875,16,4,18,19,1.829460510382463,64,2,0.001641439962262861,8.99786405585993e-07
5,7,13.023861,True,,2642.875,16,4,18,16,1.8508102889573896,64,2,0.0012848684147838921,2.977015777146854e-06
6,0,12.889408,True,,3234.875,14,8,18,17,1.649187825775948,64,2,0.0021729436757964822,2.6768731279514503e-06
6,1,12.937002,True,,3622.875,17,8,18,15,1.8115606503868316,64,2,0.0012145924284929673,1.8548320756966433e-06
6,2,12.998513,True,,2498.875,16,4,17,17,1.8975790859890034,64,2,0.0016328593483666983,2.564386386130493e-06
6,3,12.933161,True,,3396.875,15,8,18,14,1.7903998742593874,64,2,0.000683830740316135,1.6756434994191313e-07
6,4,12.985674,True,,2486.875,15,4,17,15,1.8095344852639763,64,2,0.001397593359149285,2.987315150923059e-06
6,5,12.92156,True,,2652.875,16,4,18,18,1.8475276929184226,64,2,0.00039299367896541217,1.6251443245071165e-06
6,6,12.932528,True,,2652.875,16,4,18,20,1.821208792825923,64,2,0.0024628460057912844,1.207632063125319e-06
6,7,12.991277,True,,2498.875,16,4,17,16,1.8593451796602953,64,2,0.0020488059741606075,3.3567661118083123e-06
7,0,12.912294,True,,3718.875,14,8,19,17,1.705889101229669,64,2,0.0011318975551904346,1.12419716026815e-06
7,1,12.978343,True,,3142.875,15,8,17,14,1.8517168787370168,64,2,0.0016786281824672437,3.306712814668372e-06
7,2,12.991306,True,,2498.875,16,4,17,16,1.8855146416595296,64,2,0.001306741439206251,1.9071398974721767e-06
7,3,12.971421,True,,3450.875,16,8,18,15,1.7920661807115785,64,2,0.0014148453411490104,8.588740847545773e-08
7,4,13.031319,True,,2652.875,16,4,18,18,1.8776146915107215,64,2,0.000794539445848102,2.0787484011071084e-06
7,5,12.970485,True,,2620.875,15,4,18,17,1.8663802640535763,64,2,0.0003541625576259963,1.4133433973335506e-06
7,6,13.028471,True,,2642.875,16,4,18,17,1.8380157892487206,64,2,0.0007106295401638086,1.4847911941358573e-06
7,7,12.935179,True,,2652.875,16,4,18,18,1.872586230824223,64,2,0.0017632708234274343,3.219731644763497e-06
8,0,12.773699,True,,2652.875,16,4,18,19,1.7968127027433534,32,2,0.0005605531588875901,1.5630772781354684e-06
8,1,12.974556,True,,2486.875,15,4,17,19,1.8886884686970988,64,2,0.00122455500078704,2.563450759359353e-06
8,2,12.984347,True,,2498.875,16,4,17,17,1.878473585433178,64,2,0.0014518724768830106,2.673404848231218e-06
8,3,12.965485,True,,2656.125,16,4,18,20,1.8996991758199981,64,2,0.00040823944810978736,5.419129117596054e-07
8,4,13.015212,True,,2652.875,16,4,18,19,1.9048467740094193,64,2,0.0006338833099972435,1.7980852681982139e-06
8,5,13.011703,True,,2630.875,15,4,18,18,1.8844798187695058,64,2,0.0006579880397834069,2.2183423170928082e-06
8,6,13.001921,True,,2652.875,16,4,18,17,1.8909448074396251,64,2,0.0004897042122701331,2.5854349691860258e-06
8,7,13.011608,True,,2642.875,16,4,18,17,1.8659837694856365,64,2,0.0005471942878942521,1.9664105552763536e-06
